{"cameraMode":{"drawMode":0,"name":"Shaded","section":"Shading Mode"},"sceneLighting":true,"audioPlay":false,"sceneViewState":{"m_AlwaysRefresh":false,"showFog":true,"showSkybox":true,"showFlares":true,"showImageEffects":true,"showParticleSystems":true,"showVisualEffectGraphs":true,"m_FxEnabled":true},"in2DMode":false,"pivot":{"x":1.3981027603149415,"y":0.34307408332824709,"z":-4.621642112731934},"rotation":{"x":0.11501476913690567,"y":0.5591301321983337,"z":-0.07868491113185883,"w":0.8172858953475952},"size":5.299046516418457,"orthographic":false}